env_name,n_blue,rbf
Void,496,0.06212424849699399
Sheet,3709,0.4645541082164329
Filament,3343,0.4187124248496994
Knot,436,0.05460921843687375
